image,text,confidence,position,label
6.JPG,MOMI,0.9829587936401367,108.5,ITEM
6.JPG,& Toy's,0.551514356277151,117.5,ITEM
6.JPG,CREPERTE,0.7322664905283319,171.5,ITEM
6.JPG,LipRema3g,0.25991042037307477,329.0,ITEM
6.JPG,Mal 1,0.3902096541711864,307.5,ITEM
6.JPG,Kemang,0.9971395536178898,317.0,ITEM
6.JPG,L,0.9975378190652897,318.0,OTHER
6.JPG,VI,0.9303473823324193,349.5,OTHER
6.JPG,No.,0.3805040419101715,353.5,OTHER
6.JPG,6,0.9999134559283362,347.0,OTHER
6.JPG,momiantoys_,0.8378677521913342,389.5,ITEM
6.JPG,ind,0.9884232740697377,392.0,OTHER
6.JPG,(inst,0.9918789176044618,394.0,ITEM
6.JPG,@indmomi,0.8293503724936185,427.0,ITEM
6.JPG,Tiwitter),0.5307501722792926,429.5,ITEM
6.JPG,Check: 3850,0.8608631729859971,470.0,ITEM
6.JPG,Pax: 1,0.6779565669937172,505.0,ITEM
6.JPG,OP : Gunawan,0.4801132588618466,512.5,ITEM
6.JPG,Gunawan,0.9999932414611804,514.0,ITEM
6.JPG,POS Title: Cashier,0.8790905979699611,549.0,ITEM
6.JPG,Rcpt#:A15000001363,0.6386646997882022,590.0,ITEM
6.JPG,26/01/2015 16:13,0.8483012438469476,594.5,DATE
6.JPG,1 Woman,0.9787229752833416,674.5,ITEM
6.JPG,2,0.999999880790714,715.0,OTHER
6.JPG,Ham Cheese,0.9771775114849496,716.5,ITEM
6.JPG,"74,000",0.9599175379821634,717.0,PRICE
6.JPG,Ice Java,0.9481648301975502,758.0,ITEM
6.JPG,Tea,0.9999814171339712,759.0,OTHER
6.JPG,"16, 000",0.7538733626520234,761.0,ITEM
6.JPG,Minera],0.5993224418800835,801.0,ITEM
6.JPG,Water,0.8096970069209148,802.0,ITEM
6.JPG,"13,000",0.8256290259045689,802.0,PRICE
6.JPG,Biack & White,0.9254704851156467,845.0,ITEM
6.JPG,"72, 000",0.6661509796942766,847.0,ITEM
6.JPG,SUBTOTAL,0.9990781566867457,935.0,TOTAL_LABEL
6.JPG,"175,000",0.9904651790699102,933.0,PRICE
6.JPG,TOTAL,0.9088999747420848,1026.5,TOTAL_LABEL
6.JPG,CASH,0.9999558925628662,1075.0,ITEM
6.JPG,"200, 000",0.8231249670876662,1072.0,ITEM
6.JPG,Change,0.9976109284168184,1124.0,ITEM
6.JPG,"25,000",0.9917176215243033,1124.0,PRICE
6.JPG,Closed Bill,0.7915003549732385,1222.0,ITEM
6.JPG,~~-26/01/2015 16:14,0.44372881515333495,1274.0,DATE
6.JPG,Thank_you fortasting,0.8188059289822099,1332.5,ITEM
6.JPG,our,0.9597626283180543,1389.0,OTHER
6.JPG,'Meltingly Crepe',0.932436717326589,1389.0,ITEM
5.jpg,WHOLE FOODS,0.9994129021692223,245.0,STORE
5.jpg,MARKET,0.9941152323104756,415.0,ITEM
5.jpg,Sunnyvale,0.9068803125575469,675.0,ITEM
5.jpg,SVL 408-419-1290,0.8062372954920033,660.0,ITEM
5.jpg,150,0.5455654263496399,744.5,OTHER
5.jpg,E,0.9979056368473636,748.0,OTHER
5.jpg,Mc Kinley Ave,0.9773923960240224,734.0,ITEM
5.jpg,CA 94086,0.7727808447120528,807.5,ITEM
5.jpg,KTTL,0.970735490322113,886.0,ITEM
5.jpg,SEA,0.9998562937072829,889.0,OTHER
5.jpg,SALT,0.9997099041938782,894.0,ITEM
5.jpg,POT,0.9789033054953866,897.5,OTHER
5.jpg,CHP,0.9998910500042815,894.0,OTHER
5.jpg,$1.29,0.9021993854535092,880.0,PRICE
5.jpg,F,0.9971555461953727,895.5,OTHER
5.jpg,BRAIDED BRIOCHE,0.9564347568620447,966.0,ITEM
5.jpg,$6.99,0.9194051467691247,952.0,PRICE
5.jpg,CHEF,0.9995755724160331,1039.0,ITEM
5.jpg,PLATE MEAL $10,0.7609460285813286,1050.0,ITEM
5.jpg,2,1.0,1116.0,OTHER
5.jpg,$10.00,0.9443627833175535,1127.5,PRICE
5.jpg,ea,0.9999827198358404,1124.0,OTHER
5.jpg,820.00,0.6663210616932068,1106.5,PRICE
5.jpg,Subtotal,0.7860535011676739,1201.0,TOTAL_LABEL
5.jpg,$28.28,0.7027241310347419,1188.5,PRICE
5.jpg,Net Sales:,0.9912435100929656,1280.0,ITEM
5.jpg,Total,0.6352194600250017,1361.5,TOTAL_LABEL
5.jpg,Sold Itenis:,0.9592017662296621,1437.5,ITEM
5.jpg,4,0.9999954700521272,1422.0,OTHER
5.jpg,Paid:,0.9999036646411776,1510.0,ITEM
5.jpg,RETURNS :,0.7057164310665827,1902.0,ITEM
5.jpg,We,0.9997798319629005,1904.0,OTHER
5.jpg,are,0.9999953198664192,1910.0,OTHER
5.jpg,now,0.9999466604161458,1910.0,OTHER
5.jpg,accepting,0.9999907413904144,1909.5,ITEM
5.jpg,returns,0.9999782825094796,1900.5,ITEM
5.jpg,on,0.9996111753198261,1902.0,OTHER
5.jpg,purchases,0.9999912182297231,1984.5,ITEM
5.jpg,with,0.6523366018428076,1984.0,ITEM
5.jpg,the fol lowing conditions:,0.5667604114919002,1983.0,ITEM
5.jpg,Returns,0.9999961251062139,2063.0,ITEM
5.jpg,wil,0.20911903437663842,2061.0,OTHER
5.jpg,only,0.9986762404441833,2067.5,ITEM
5.jpg,be accepted,0.8825615709753695,2063.5,ITEM
5.jpg,made,0.999994158744812,2140.0,ITEM
5.jpg,or,0.994792185774517,2146.0,OTHER
5.jpg,after,0.9999861921768638,2141.5,ITEM
5.jpg,9/15/2020,0.9999372551930285,2138.5,DATE
5.jpg,AI1,0.59362145847488,2137.0,OTHER
5.jpg,require,0.9996009055310336,2226.0,ITEM
5.jpg,a receipt,0.9696370887233512,2223.5,ITEM
5.jpg,No,0.999824926480321,2217.0,OTHER
5.jpg,items,0.9997735808465628,2219.5,ITEM
5.jpg,purchased after 90 days.,0.8780370005115372,2307.5,ITEM
5.jpg,For,0.9999905020849161,2297.5,OTHER
5.jpg,additional,0.9989040546833031,2299.0,ITEM
5.jpg,information please Visit,0.6101957478527085,2383.5,ITEM
5.jpg,wfm. com/returns_,0.5983687366406966,2381.0,ITEM
5.jpg,Earn 5% Back,0.9222313263191875,2626.5,ITEM
5.jpg,at,0.9999989884757856,2629.5,OTHER
5.jpg,Hhole Foods,0.5391694332990851,2629.5,ITEM
5.jpg,Market,0.9999946466280263,2625.0,ITEM
5.jpg,the,0.9999995182214076,2702.5,OTHER
5.jpg,Amazon,0.9972524836083678,2705.0,ITEM
5.jpg,Prime Rewards,0.9979868801666992,2707.0,ITEM
5.jpg,Visa.,0.9733181700673582,2702.5,ITEM
5.jpg,Learn,0.9999987205115435,2771.5,ITEM
5.jpg,more,0.5582478072594002,2781.0,ITEM
5.jpg,amazon . COMV/amlazonvisa,0.32941004980339994,2786.5,ITEM
5.jpg,HOw WAS YOUR SHOPPING EXPERTENCE?,0.7398357636531567,3024.0,ITEM
5.jpg,Go,0.9999655240519858,3104.0,OTHER
5.jpg,to: http: / /www.wfm. COm/feedback,0.4101773946181008,3108.5,ITEM
5.jpg,ENTER FOR,0.857638477900772,3187.0,ITEM
5.jpg,A CHANCE,0.7876578225148345,3184.0,ITEM
5.jpg,To WiN,0.6350525007968587,3184.0,ITEM
5.jpg,A $250 GIFT,0.8512220146936823,3187.0,ITEM
5.jpg,CARD,0.9999021291732788,3187.5,ITEM
5.jpg,908 6387 02/10/2021,0.7632851050096211,3270.5,DATE
5.jpg,07:10 PM,0.994298335339389,3270.5,ITEM
5.jpg,63011070790806387021020210,0.6180116244598579,3751.0,OTHER
5.jpg,6KTHQW62ZD,0.5486515357138405,3843.0,ITEM
5.jpg,Thanks,0.9995881122087276,3998.0,ITEM
5.jpg,for,0.9924763560370049,4002.5,OTHER
5.jpg,chonnino,0.6063778789526659,4004.5,ITEM
5.jpg,Whole,0.8652350934405297,4004.5,ITEM
5.jpg,Foods,0.9732272493732814,4004.5,ITEM
8.jpg,Thornton,0.9883813420468431,174.0,ITEM
8.jpg,#629,0.9999470114707947,166.0,ITEM
8.jpg,16375 N. Washington St _,0.5225965520872518,188.0,ITEM
8.jpg,"Thornton, CO 80023",0.7353661607762108,208.0,ITEM
8.jpg,2X Member,0.9870858778906819,255.0,ITEM
8.jpg,23.99 E,0.9865354935214434,262.0,PRICE
8.jpg,673919 FF BS,0.3026558038785022,272.0,ITEM
8.jpg,49,0.9246313715269071,280.0,OTHER
8.jpg,633561 KS DICED TOM,0.8936907957143884,290.0,ITEM
8.jpg,967596 JACKORGSALSA,0.990396480730344,310.0,ITEM
8.jpg,2.97 E,0.8833444089398843,302.5,PRICE
8.jpg,3 @ 4.29,0.9995342348036396,336.0,PRICE
8.jpg,12.87 E,0.9910976748096604,344.0,PRICE
8.jpg,878137 18CT EGGS,0.6640498844834613,353.0,ITEM
8.jpg,77053 GRAPE TOMATO,0.7774677274922813,373.0,ITEM
8.jpg,6.29,0.7398826771828836,365.0,PRICE
8.jpg,404609 ECO HALF PAN,0.6547574108900172,394.0,ITEM
8.jpg,6.49,0.9793596401078427,386.0,PRICE
8.jpg,55992 GRND TURKEY,0.6836041675290035,415.0,ITEM
8.jpg,18. 47 E,0.6479410339659996,408.0,ITEM
8.jpg,263423 CHPD ONION,0.972147019312109,436.0,ITEM
8.jpg,3.59 E,0.9909143538836379,428.0,PRICE
8.jpg,22101 MonT JaCK 2#,0.2762711158819879,457.0,ITEM
8.jpg,4.45 E,0.9845625738844432,450.0,PRICE
8.jpg,SUBTOTAL,0.9866237904493038,480.0,TOTAL_LABEL
8.jpg,85.61,0.9998668788526572,472.0,PRICE
8.jpg,TaX,0.5569401026002909,501.0,TAX
8.jpg,3.52,0.9997811317443848,492.0,PRICE
8.jpg,xxx* TOTAL,0.5340365105863456,522.0,TOTAL_LABEL
8.jpg,Check /Member Prntd,0.8616034062946626,540.5,ITEM
8.jpg,89.13,0.9998282802593332,534.0,PRICE
8.jpg,CHANGE,0.7057423244905671,562.0,ITEM
8.jpg,0.00,0.9959652423858643,555.0,ITEM
8.jpg,8.507 TAX,0.5664199196903805,607.0,TAX
8.jpg,0.55,0.9969226121902466,600.0,PRICE
8.jpg,E 3.757 TaX,0.5943861475289144,630.0,TAX
8.jpg,2.97,0.9338404945887704,622.0,PRICE
8.jpg,TOTAL TaX,0.6060025120638468,652.5,TOTAL_LABEL
8.jpg,TOTAL NUMbER OF ITEMS SOLD,0.6069461467586558,672.0,TOTAL_LABEL
8.jpg,11,0.7772081851121437,667.0,OTHER
8.jpg,172 14,0.999535400667401,690.0,ITEM
8.jpg,OPt ; 14 Name: PEPPER,0.5436487290474448,716.0,ITEM
8.jpg,Thank,0.9384484271989585,737.0,ITEM
8.jpg,You!,0.9990443587303162,737.0,ITEM
8.jpg,Please,0.7955522543414584,762.0,ITEM
8.jpg,Come,0.9998988509178162,759.0,ITEM
8.jpg,Asain,0.791579657373797,758.0,ITEM
8.jpg,Whse : 629 Trm:4 Trn;172 OP:14,0.3533521481112245,781.0,ITEM
10.jpg,SPAR,0.7688764929771423,290.0,STORE
10.jpg,Te],0.5931987835168686,337.0,OTHER
10.jpg,036-4481240,0.9998619368425526,334.5,ITEM
10.jpg,ema,0.688523555542131,359.0,OTHER
10.jpg,"bergsparetelkomsa , net",0.7646058383992467,354.5,STORE
10.jpg,VAT No,0.5226121049114041,378.0,ITEM
10.jpg,4450102696,0.9999894070296571,374.5,OTHER
10.jpg,NLA REG NO; KZN 032577,0.3974835522440968,397.0,ITEM
10.jpg,LAZENBY WORCESTER SAUCE 12SML,0.6726150224191269,457.5,ITEM
10.jpg,"17,99 A",0.5920650555149107,448.0,PRICE
10.jpg,MiLKy BAR CHOC,0.28676177385137125,480.0,ITEM
10.jpg,8OGR,0.7960984178375488,477.0,ITEM
10.jpg,"16,99",0.9937741467797652,470.0,PRICE
10.jpg,SMOKED VIENNAS,0.8850778193123521,500.0,ITEM
10.jpg,SOOGR,0.8115519456583105,496.0,ITEM
10.jpg,"33,99 A",0.6051699693896028,489.0,PRICE
10.jpg,40OG,0.48393023014068604,515.0,ITEM
10.jpg,"82,.99 4",0.3813853555556515,510.0,ITEM
10.jpg,PEALED PEACHES,0.837684908424495,521.0,ITEM
10.jpg,"44,99",0.6703143058772476,530.0,PRICE
10.jpg,MEDITERRANEAN MIX,0.7959639183618937,540.0,ITEM
10.jpg,IKG,0.9477500181568956,535.0,OTHER
10.jpg,SPAR COOKING OiL,0.633501928898502,560.0,STORE
10.jpg,375ML,0.6717586979382906,555.0,ITEM
10.jpg,"14,99",0.9953689572432829,550.0,PRICE
10.jpg,F/L EnGLiSH CUCUMB,0.3947059179486705,579.0,ITEM
10.jpg,"1""$",0.4208003580570221,575.0,OTHER
10.jpg,"12,99",0.5449569884742708,570.0,PRICE
10.jpg,85GR,0.7254598140716553,595.0,ITEM
10.jpg,"20 ,99",0.45640653398734804,590.0,ITEM
10.jpg,NESTLE AERO,0.9187333181577886,600.0,ITEM
10.jpg,CADBURY DAIRY MI,0.933392156401424,619.0,ITEM
10.jpg,BOGR,0.9412558078765869,615.0,ITEM
10.jpg,"16,99 4",0.5165059163097325,611.0,PRICE
10.jpg,GRAPES MIXED TUB,0.5035022029487098,639.0,ITEM
10.jpg,TUB,0.9998470712714901,635.0,OTHER
10.jpg,"24,99",0.9402628316947971,631.0,PRICE
10.jpg,TASTIC RICE,0.991118057636436,662.0,ITEM
10.jpg,"11,,99",0.8863382763710453,652.0,ITEM
10.jpg,BLACK CAT SMOOTH,0.7372873221390847,681.0,ITEM
10.jpg,270GR,0.9390097270279895,676.0,ITEM
10.jpg,"27,,99",0.8385136459872891,673.0,ITEM
10.jpg,CARRIER BAG 24L,0.9793222114441292,701.0,ITEM
10.jpg,1'$,0.5826710693530933,697.0,OTHER
10.jpg,"0,75 A",0.3571986722688128,693.0,PRICE
10.jpg,BANANAS LOOSE,0.9763469346067735,722.5,ITEM
10.jpg,17KG,0.6775082349777222,717.0,ITEM
10.jpg,"0,596kg",0.9916384810402691,744.0,PRICE
10.jpg,"15,99 R",0.6026414396133727,740.0,PRICE
10.jpg,/kg,0.5899822973043679,740.0,OTHER
10.jpg,"9,53",0.9149603247642517,736.0,PRICE
10.jpg,TOTAL,0.9900504367881781,764.0,TOTAL_LABEL
10.jpg,FOR 14 ITEMS,0.8461214315500402,761.0,ITEM
10.jpg,338 . 16,0.9806641560246591,758.0,ITEM
10.jpg,TENDERED Nedbank,0.8832235781468246,784.5,ITEM
10.jpg,TAX INVOICE,0.5691580233818219,824.0,TAX
10.jpg,VAT rate,0.9085907129685532,849.0,ITEM
10.jpg,exc],0.8804177045822144,848.0,ITEM
10.jpg,TaX,0.38235910808741425,846.0,TAX
10.jpg,inc],0.9980031847953796,844.0,ITEM
10.jpg,"0,00r",0.26314986330585893,871.0,ITEM
10.jpg,"119,48",0.9554526246553242,870.0,PRICE
10.jpg,"0,00",0.9917281866073608,868.0,ITEM
10.jpg,15.00%,0.3026390656064752,893.0,PRICE
10.jpg,"190 , 16",0.4765919829441178,892.0,ITEM
10.jpg,"28,52",0.9562289271495845,890.0,PRICE
10.jpg,"218,68 A",0.4785772578256891,888.0,PRICE
10.jpg,SLIP,0.999862015247345,938.0,ITEM
10.jpg,TILL,0.9954936504364014,938.0,ITEM
10.jpg,CASHIER,0.9927998385455004,934.0,ITEM
10.jpg,DATe,0.6194798350334167,934.0,ITEM
10.jpg,TIME,0.988189471868081,930.0,ITEM
10.jpg,3780,0.999984860420227,961.0,OTHER
10.jpg,005,0.9993105378378567,958.0,OTHER
10.jpg,101,0.7625061273574829,955.0,OTHER
10.jpg,"23,02,21",0.5519884721578158,955.0,PRICE
10.jpg,16;17,0.9630434897745116,952.0,ITEM
10.jpg,CASHIER NAME: SWAZI,0.8492419951245823,981.0,ITEM
10.jpg,Please Retain Slip,0.6758979025495437,1001.0,ITEM
10.jpg,Thank You For Shopping With Us!,0.9769795447199399,1022.0,ITEM
10.jpg,Fo] Iow us on Facebook :,0.4116163061954648,1065.5,ITEM
10.jpg,Spar,0.9994378685951233,1065.0,STORE
10.jpg,Bergvi lle,0.3994263914832593,1061.5,ITEM
0.jpg,WALAMART,0.4046090426026638,219.0,ITEM
0.jpg,ALWAYS,0.9970537463303606,265.0,ITEM
0.jpg,Low PRICES_,0.9455719538830826,263.0,ITEM
0.jpg,SUPERCENTER,0.8355834415230348,376.0,ITEM
0.jpg,OPEN 24 HOURS,0.6563693828162728,399.0,ITEM
0.jpg,MANAGER,0.9990279706115687,421.0,ITEM
0.jpg,TBA,0.9996180281644876,419.0,OTHER
0.jpg,515,0.9999995870469189,441.0,OTHER
0.jpg,986,0.9999968340269625,441.0,OTHER
0.jpg,1783,0.9999989867210388,441.0,OTHER
0.jpg,ST# 5748 OP# 00000158 TEIL14 TR# 03178,0.31294147956103174,463.0,ITEM
0.jpg,BANANAS,0.9916752768801534,484.0,ITEM
0.jpg,OOOOOOOO4011KF,0.5274697070767896,483.0,ITEM
0.jpg,0.41,0.9999909996986389,506.0,PRICE
0.jpg,Ib,0.9980819303837057,506.0,OTHER
0.jpg,0,0.9996000928229911,506.0,OTHER
0.jpg,1 Ib /0.49,0.8980791189676989,505.0,PRICE
0.jpg,0.20,0.9999645948410034,510.0,PRICE
0.jpg,FRAP,0.999739408493042,525.5,ITEM
0.jpg,001200010451,0.9933843609501999,526.5,OTHER
0.jpg,5.48,0.9986756793136693,530.0,PRICE
0.jpg,N,0.886901351294572,521.0,OTHER
0.jpg,DISCOUNT GIVEN,0.9215420838033953,570.5,ITEM
0.jpg,57,0.9999976397772992,574.0,OTHER
0.jpg,11,0.9998996919741097,596.0,OTHER
0.jpg,CASH,0.9998679757118225,631.0,ITEM
0.jpg,TEND,0.9997791647911072,633.0,ITEM
0.jpg,88,0.9832343130809255,628.0,OTHER
0.jpg,CHANGE ' DUE,0.6498209139470543,651.5,ITEM
0.jpg,13.8g,0.7744922962747982,649.0,ITEM
0.jpg,# ITEMS SOLD,0.8126099615460483,700.5,ITEM
0.jpg,2,1.0,709.0,OTHER
0.jpg,THANK VOU EOR SHOPPING WITH US,0.4434848259261624,826.0,ITEM
0.jpg,NATHANIEL'BusH,0.49510081226726044,842.5,ITEM
0.jpg,Your,0.9979907274246216,868.0,ITEM
0.jpg,Back,0.9994116425514221,870.0,ITEM
0.jpg,at_Walmart,0.4581530238436592,860.5,STORE
0.jpg,& Get,0.7765884407666676,863.0,ITEM
0.jpg,08/,0.9999015113372475,885.0,OTHER
0.jpg,1289,0.3678927421569824,879.0,OTHER
0.jpg,18choo],0.24955690973005246,879.5,ITEM
0.jpg,ist,0.997052304092517,878.0,OTHER
0.jpg,for Less.,0.9192249221425108,882.5,ITEM
0.jpg,13:12.01,0.5446217615418703,891.0,PRICE
0.jpg,Shop,0.9983610510826111,855.0,ITEM
9.jpg,Winco,0.5274888173185002,133.0,ITEM
9.jpg,75137,0.9469807422087048,227.0,OTHER
9.jpg,er : Yol,0.9344673376276763,245.0,ITEM
9.jpg,Cashie,0.3195436754039493,252.0,ITEM
9.jpg,N/YORK TX GGSC,0.24273181743646302,310.0,ITEM
9.jpg,18 FS,0.7374814606460669,322.0,ITEM
9.jpg,Fs,0.7951832681060588,341.0,OTHER
9.jpg,7056087677,0.7723330437152732,352.5,OTHER
9.jpg,56 FS,0.9233499554087492,368.0,ITEM
9.jpg,GRND B,0.9833028812036726,398.0,ITEM
9.jpg,20167400008,0.522826618362315,390.0,OTHER
9.jpg,DIET LN,0.8345033492554611,404.0,ITEM
9.jpg,26841800000,0.7843201522430957,418.5,OTHER
9.jpg,9,0.43953278592886136,422.0,OTHER
9.jpg,R,0.853190592082683,419.5,OTHER
9.jpg,EYE RND,0.9066116362062955,446.0,ITEM
9.jpg,20254300000,0.9739725479254266,461.0,OTHER
9.jpg,18.28 ES,0.3594797677088367,461.0,PRICE
9.jpg,BEEF FOR,0.980567874440865,471.0,ITEM
9.jpg,20323300000,0.9943742802500657,475.5,OTHER
9.jpg,48,0.3307273508560384,476.0,OTHER
9.jpg,PORK 1/2 LOIN,0.7189300145825147,484.0,ITEM
9.jpg,4497921020,0.9995861683501679,490.0,OTHER
9.jpg,B/BEST $,0.8530147505472748,499.0,ITEM
9.jpg,BARES MEAT FRNK 1590013901,0.43970712624645175,507.5,ITEM
9.jpg,3.88,0.9774910807609558,512.0,PRICE
9.jpg,0/m HAM,0.5619200828575993,526.0,ITEM
9.jpg,4470001903,0.6739028892912216,520.0,OTHER
9.jpg,WINCO NOODLES,0.6976130604521597,539.0,ITEM
9.jpg,7055280303,0.9997393789155692,534.0,OTHER
9.jpg,"TNDRBRO""CHiR4BR 3727101318",0.30556850955003534,563.0,ITEM
9.jpg,5.98,0.9620478366626137,561.0,PRICE
9.jpg,KRFT DELUXE MAC 2100065886,0.6099389226473082,581.5,ITEM
9.jpg,3.64,0.960277188639988,577.0,PRICE
9.jpg,2 0,0.6799711585044861,601.0,OTHER
9.jpg,82,0.7182502269105632,600.0,OTHER
9.jpg,EGGO WAFFLE,0.920614579782043,615.0,ITEM
9.jpg,3800037435,0.9994926523715563,613.0,OTHER
9.jpg,L/D NUTTY BARS,0.3845489080914907,630.0,ITEM
9.jpg,2430004120,0.5721446296431203,629.0,OTHER
9.jpg,Lid OATMEAL CRM 2430004101,0.40579155269486383,645.0,ITEM
9.jpg,LiNKS MILD,0.5367342683586819,663.0,ITEM
9.jpg,74295503660,0.7172049416913536,663.0,OTHER
9.jpg,9222280256,0.6671531052487811,687.5,OTHER
9.jpg,RESERS POT SLD,0.7882644470057232,712.0,ITEM
9.jpg,7111719300,0.6701966778620513,712.0,OTHER
9.jpg,DM SPAG SAUCE,0.6183069596102404,730.0,ITEM
9.jpg,2400052363,0.9999939684234574,731.0,OTHER
9.jpg,hunTS MANWICH,0.6302560700204926,747.0,ITEM
9.jpg,2700044212,0.6994785659588885,747.5,OTHER
9.jpg,DM PNAPL CHNKY,0.951616145373413,782.0,ITEM
9.jpg,2400000164,0.9999797564376313,784.0,OTHER
9.jpg,96 FS,0.9894820838350235,789.0,ITEM
9.jpg,98,0.9999993256504904,801.0,OTHER
9.jpg,SUNBEAN' BUNS,0.4198466049503065,815.5,ITEM
9.jpg,7763306333,0.9809725168007746,817.0,OTHER
9.jpg,1.98,0.9973584413528442,822.0,PRICE
9.jpg,MINco' SNDwCH_WT 7055200115,0.20720239851572816,831.5,ITEM
9.jpg,91,0.9999908962928589,839.0,OTHER
9.jpg,WINCO HoMo MILK 7055240600,0.5042295514682853,848.0,ITEM
9.jpg,2.48,0.9988095164299011,855.0,PRICE
9.jpg,EGGS,0.9990881085395813,863.0,ITEM
9.jpg,7003837280,0.9469653769416465,868.0,OTHER
9.jpg,1.37,0.6607300790976331,872.0,PRICE
9.jpg,SUBTOTAL,0.9984266510719828,884.0,TOTAL_LABEL
9.jpg,121.92,0.9991500958552967,890.0,PRICE
9.jpg,TOTAL TaX,0.5688641856949448,902.0,TOTAL_LABEL
9.jpg,00,0.9202120347595648,907.0,OTHER
9.jpg,IOTAL,0.8126504410848883,936.0,ITEM
9.jpg,Cockrel|,0.3129674548326084,211.0,ITEM
9.jpg,mconv |,0.29341595726350483,214.5,ITEM
9.jpg,90124,0.20380402664872088,229.5,OTHER
9.jpg,anca,0.20583386719226837,242.0,ITEM
9.jpg,09/08/14,0.9987412511664119,275.0,DATE
9.jpg,11;16.24,0.42946282436215616,284.5,PRICE
9.jpg,7045400658,0.34316731155987,306.0,OTHER
9.jpg,KINGS,0.5312883987128157,319.25,ITEM
9.jpg,CHIGREN,0.5275713001458164,326.0,ITEM
9.jpg,7056096902,0.9989775719587629,328.0,OTHER
9.jpg,BLeND,0.6085234900192951,331.0,ITEM
9.jpg,PICSWEET,0.6215060597428675,339.0,ITEM
9.jpg,GREENS,0.9970378952440252,356.0,ITEM
9.jpg,PICSHEET,0.8220644589649222,364.75,ITEM
9.jpg,268401C,0.8969078626668734,378.25,ITEM
9.jpg,CHICKEN,0.7539112745417751,391.0,ITEM
9.jpg,8,0.6318455422730871,416.5,OTHER
9.jpg,CHOP,0.8817426562309265,410.5,ITEM
9.jpg,H,0.35879725945875407,504.5,OTHER
9.jpg,STEAK,0.43428759446604986,496.5,ITEM
1.jpg,TRADER JOE'$,0.47867642268587324,151.0,ITEM
1.jpg,"2001,Greenvi Ile Ave",0.6643267335515125,215.0,ITEM
1.jpg,Da| Ias,0.38347084166145823,235.0,ITEM
1.jpg,TX,0.9551102692966832,233.0,OTHER
1.jpg,75206,0.9999636944399963,231.0,OTHER
1.jpg,Store #403,0.904407738152824,257.0,ITEM
1.jpg,(469) 334-0614,0.7839367138859075,250.0,ITEM
1.jpg,OPEN 8:OOAM TO 9:OOPM DAILY,0.3803903823997414,296.0,ITEM
1.jpg,R-CARROTS SHREDDED 10 0Z,0.516413284179097,342.0,ITEM
1.jpg,8,0.6662392928756731,362.0,OTHER
1.jpg,TOMATOES CRUSHED,0.5922048828363283,384.0,ITEM
1.jpg,"ORGANIC"" olo_EASHIONED OATMEAL",0.31974280763791507,419.5,ITEM
1.jpg,69,0.9999141900948079,411.0,OTHER
1.jpg,;,0.3036281271785448,431.0,OTHER
1.jpg,BEANS ' GARBANZQ,0.7833768419029126,494.0,ITEM
1.jpg,0,0.6591781576083946,529.0,OTHER
1.jpg,A-APPLE BAG JAZZ 2 LB,0.8691414993575612,548.0,ITEM
1.jpg,A-PEPPER BELL EACH_XL RED,0.3798202045191419,565.0,ITEM
1.jpg,98,0.9946852138921228,566.0,OTHER
1.jpg,GROCERY NON TAXABLE,0.4493081670607231,584.0,TAX
1.jpg,"0,49",0.9080091201046367,604.0,PRICE
1.jpg,"0,87",0.9847190380096436,614.0,PRICE
1.jpg,BANANAS' ORGANIC,0.7542275009913509,623.5,ITEM
1.jpg,3F4,0.5319269895553589,646.0,OTHER
1.jpg,0.29/E4,0.9789997701340655,641.0,PRICE
1.jpg,49,0.9999847428749291,652.0,OTHER
1.jpg,CREAMY SALTED PEANUT BUTTER,0.501165719809622,660.5,ITEM
1.jpg,WHL' WHT PITA_BREAD,0.2794348154640146,683.0,ITEM
1.jpg,1.69,0.9984673857688904,673.0,PRICE
1.jpg,",38",0.8389526777388722,692.0,OTHER
1.jpg,@ 0.69,0.8144407763318686,725.0,PRICE
1.jpg,838.68,0.8178873640644211,754.0,PRICE
1.jpg,SUBTOTAL,0.9507947772448367,771.0,TOTAL_LABEL
1.jpg,TOTAL,0.9444228246905723,790.0,TOTAL_LABEL
1.jpg,840 . 00,0.48245797220763303,794.0,ITEM
1.jpg,CASH,0.9925140142440796,810.0,ITEM
1.jpg,"81,32",0.38410735426519715,814.0,PRICE
1.jpg,CHANGE,0.9994214092144897,830.5,ITEM
1.jpg,ins,0.9990763499264546,858.0,OTHER
1.jpg,Ryan,0.9999799132347107,856.0,ITEM
1.jpg,ITEMS 22,0.9390497870596471,871.0,ITEM
1.jpg,12:34PM,0.8692169941990076,884.0,ITEM
1.jpg,0403 04,0.9202874035283346,880.0,ITEM
1.jpg,4683,0.9995542168617249,874.0,OTHER
1.jpg,06-28-2014,0.6612282916474952,889.0,DATE
1.jpg,THANK YOU FOR SHOPPING AT,0.44954494683081975,920.0,ITEM
1.jpg,Www.traderjoes.COM,0.5589371514398285,955.0,ITEM
16.jpg,See back,0.8967022701596558,128.0,ITEM
16.jpg,of receipt for,0.6316241643941954,129.0,ITEM
16.jpg,your chance,0.5578129741447146,129.0,ITEM
16.jpg,to win $1000,0.9833092033290368,146.0,ITEM
16.jpg,ID #:,0.5983930405676654,184.0,ITEM
16.jpg,7L2T9HJMZSF,0.513319374075651,184.0,ITEM
16.jpg,Walmart,0.998956850822317,301.0,STORE
16.jpg,Save money. Live better.,0.7936465524994537,348.0,ITEM
16.jpg,701,0.9929948625253051,382.0,OTHER
16.jpg,223,0.9643488526344299,383.0,OTHER
16.jpg,3066,0.8647252526651537,382.0,OTHER
16.jpg,MANAGER TIM MORRIS,0.8146236513725478,404.0,ITEM
16.jpg,2717 ROCK ISLAND PL,0.4604403317665891,425.0,ITEM
16.jpg,BISMARCK ND 58504,0.9981562092257888,447.0,ITEM
16.jpg,ST# 01534 OP# 009048 TE# 48 TR# 04455,0.6702536215158807,467.0,ITEM
16.jpg,6 WING PLATE 020108870398,0.7640131969095155,488.0,ITEM
16.jpg,3.98,0.7323069670151092,488.0,PRICE
16.jpg,ASST 21,0.596753406016434,508.0,ITEM
16.jpg,063099656595,0.9999676172111668,509.0,OTHER
16.jpg,4.88,0.7305228840510812,508.0,PRICE
16.jpg,X,0.9875102285165305,508.0,OTHER
16.jpg,CUTIE CAR,0.9699602313955806,530.0,ITEM
16.jpg,063099656644,0.999304539982222,529.0,OTHER
16.jpg,12.88,0.9210179677861275,529.0,PRICE
16.jpg,SUBTOTAL,0.9996105317022629,549.0,TOTAL_LABEL
16.jpg,21.74,0.9997814179186096,550.0,PRICE
16.jpg,TAX,0.6339270085059888,571.0,TAX
16.jpg,6.500,0.9981702801761586,571.0,PRICE
16.jpg,1.15,0.861341655254364,570.0,PRICE
16.jpg,7.500,0.9998751956536022,592.0,PRICE
16.jpg,0.30,0.9810126942126374,592.0,PRICE
16.jpg,TOTAL,0.9838807920236525,612.0,TOTAL_LABEL
16.jpg,23.19,0.9852252752496404,612.0,PRICE
16.jpg,DEBIT,0.9967535286702447,633.0,ITEM
16.jpg,TEND,0.9998874068260193,634.0,ITEM
16.jpg,CHANGE DUE,0.7685217475206463,655.0,ITEM
16.jpg,0.00,0.9920933246612549,656.0,ITEM
16.jpg,EFT DEBIT,0.5830202312389945,718.0,ITEM
16.jpg,PAY FROM PRIMARY,0.7501325121685203,720.0,ITEM
16.jpg,TOTAL PURCHASE,0.7844072711769796,741.0,TOTAL_LABEL
16.jpg,US OEBIT,0.7326882671180676,761.0,ITEM
16.jpg,2696,0.999997615814209,762.0,OTHER
16.jpg,1 0,0.9389570833451042,764.0,OTHER
16.jpg,REF,0.9983314431691728,782.0,OTHER
16.jpg,# 731700494718,0.7641847259179111,783.0,ITEM
16.jpg,NEIWORK Id,0.323413734622607,804.0,ITEM
16.jpg,0081 APPR CODE 936886,0.6558127004028115,806.0,ITEM
16.jpg,IJS DEBIT,0.6184657479232947,848.0,ITEM
16.jpg,AID A0000000980840,0.7434049842486052,871.0,ITEM
16.jpg,TC 58B772390A583B44,0.5140367650584166,893.0,ITEM
16.jpg,#NO SIGNATURE REQUIRED,0.9022775354117459,914.5,ITEM
16.jpg,TERMINAL,0.9930611994372254,937.0,ITEM
16.jpg,# SC011090,0.7457513650993585,937.0,ITEM
16.jpg,11/13/17,0.7536282611339173,982.0,DATE
16.jpg,12:34:04,0.5824077742865135,983.0,ITEM
16.jpg,ITEMS SOLD,0.9864719155213751,1006.0,ITEM
16.jpg,TC# 2188 7274 6444 1567 3762,0.6920516311501965,1028.0,ITEM
16.jpg,Low Prices You Can Trust,0.8233998667138539,1205.0,ITEM
16.jpg,Every Day,0.7473581310560616,1207.5,ITEM
16.jpg,12:34:11,0.7958941651808407,1232.0,ITEM
16.jpg,Store receipts on vour phone,0.6411584759234426,1255.0,ITEM
16.jpg,P,0.9563128294914272,1258.0,OTHER
16.jpg,ay .,0.7220671772956848,1281.0,ITEM
7.jpg,See back,0.8967022701596558,128.0,ITEM
7.jpg,of receipt for,0.6316241643941954,129.0,ITEM
7.jpg,your chance,0.5578129741447146,129.0,ITEM
7.jpg,to win $1000,0.9833092033290368,146.0,ITEM
7.jpg,ID #:,0.5983930405676654,184.0,ITEM
7.jpg,7L2T9HJMZSF,0.513319374075651,184.0,ITEM
7.jpg,Walmart,0.998956850822317,301.0,STORE
7.jpg,Save money. Live better.,0.7936465524994537,348.0,ITEM
7.jpg,701,0.9929948625253051,382.0,OTHER
7.jpg,223,0.9643488526344299,383.0,OTHER
7.jpg,3066,0.8647252526651537,382.0,OTHER
7.jpg,MANAGER TIM MORRIS,0.8146236513725478,404.0,ITEM
7.jpg,2717 ROCK ISLAND PL,0.4604403317665891,425.0,ITEM
7.jpg,BISMARCK ND 58504,0.9981562092257888,447.0,ITEM
7.jpg,ST# 01534 OP# 009048 TE# 48 TR# 04455,0.6702536215158807,467.0,ITEM
7.jpg,6 WING PLATE 020108870398,0.7640131969095155,488.0,ITEM
7.jpg,3.98,0.7323069670151092,488.0,PRICE
7.jpg,ASST 21,0.596753406016434,508.0,ITEM
7.jpg,063099656595,0.9999676172111668,509.0,OTHER
7.jpg,4.88,0.7305228840510812,508.0,PRICE
7.jpg,X,0.9875102285165305,508.0,OTHER
7.jpg,CUTIE CAR,0.9699602313955806,530.0,ITEM
7.jpg,063099656644,0.999304539982222,529.0,OTHER
7.jpg,12.88,0.9210179677861275,529.0,PRICE
7.jpg,SUBTOTAL,0.9996105317022629,549.0,TOTAL_LABEL
7.jpg,21.74,0.9997814179186096,550.0,PRICE
7.jpg,TAX,0.6339270085059888,571.0,TAX
7.jpg,6.500,0.9981702801761586,571.0,PRICE
7.jpg,1.15,0.861341655254364,570.0,PRICE
7.jpg,7.500,0.9998751956536022,592.0,PRICE
7.jpg,0.30,0.9810126942126374,592.0,PRICE
7.jpg,TOTAL,0.9838807920236525,612.0,TOTAL_LABEL
7.jpg,23.19,0.9852252752496404,612.0,PRICE
7.jpg,DEBIT,0.9967535286702447,633.0,ITEM
7.jpg,TEND,0.9998874068260193,634.0,ITEM
7.jpg,CHANGE DUE,0.7685217475206463,655.0,ITEM
7.jpg,0.00,0.9920933246612549,656.0,ITEM
7.jpg,EFT DEBIT,0.5830202312389945,718.0,ITEM
7.jpg,PAY FROM PRIMARY,0.7501325121685203,720.0,ITEM
7.jpg,TOTAL PURCHASE,0.7844072711769796,741.0,TOTAL_LABEL
7.jpg,US OEBIT,0.7326882671180676,761.0,ITEM
7.jpg,2696,0.999997615814209,762.0,OTHER
7.jpg,1 0,0.9389570833451042,764.0,OTHER
7.jpg,REF,0.9983314431691728,782.0,OTHER
7.jpg,# 731700494718,0.7641847259179111,783.0,ITEM
7.jpg,NEIWORK Id,0.323413734622607,804.0,ITEM
7.jpg,0081 APPR CODE 936886,0.6558127004028115,806.0,ITEM
7.jpg,IJS DEBIT,0.6184657479232947,848.0,ITEM
7.jpg,AID A0000000980840,0.7434049842486052,871.0,ITEM
7.jpg,TC 58B772390A583B44,0.5140367650584166,893.0,ITEM
7.jpg,#NO SIGNATURE REQUIRED,0.9022775354117459,914.5,ITEM
7.jpg,TERMINAL,0.9930611994372254,937.0,ITEM
7.jpg,# SC011090,0.7457513650993585,937.0,ITEM
7.jpg,11/13/17,0.7536282611339173,982.0,DATE
7.jpg,12:34:04,0.5824077742865135,983.0,ITEM
7.jpg,ITEMS SOLD,0.9864719155213751,1006.0,ITEM
7.jpg,TC# 2188 7274 6444 1567 3762,0.6920516311501965,1028.0,ITEM
7.jpg,Low Prices You Can Trust,0.8233998667138539,1205.0,ITEM
7.jpg,Every Day,0.7473581310560616,1207.5,ITEM
7.jpg,12:34:11,0.7958941651808407,1232.0,ITEM
7.jpg,Store receipts on vour phone,0.6411584759234426,1255.0,ITEM
7.jpg,P,0.9563128294914272,1258.0,OTHER
7.jpg,ay .,0.7220671772956848,1281.0,ITEM
13.jpg,Walmart,0.7013707666998144,127.0,STORE
13.jpg,Save money. Live better.,0.8227193243372959,161.0,ITEM
13.jpg,8443,0.6998267769813538,188.0,OTHER
13.jpg,21,0.6143292792600309,191.0,OTHER
13.jpg,0362,0.7642601728439331,190.0,OTHER
13.jpg,MANACIR MICHAEL,0.31880588396159465,204.0,ITEM
13.jpg,2014 $ [6Y,0.22510453872002043,221.0,ITEM
13.jpg,S 255P,0.2525566940203599,239.0,ITEM
13.jpg,Gii| CA,0.545670249880599,268.0,ITEM
13.jpg,"50 , OU",0.20920517719471143,270.0,ITEM
13.jpg,50 . (V,0.35868933161597844,286.0,ITEM
13.jpg,Tota,0.4859570562839508,303.0,ITEM
13.jpg,50.60,0.48795162884466386,302.0,PRICE
13.jpg,Casi|,0.37919291831720237,317.0,ITEM
13.jpg,60. UU,0.2618248476903121,318.0,ITEM
13.jpg,"10 , OC",0.29968948044363036,333.0,ITEM
13.jpg,(U,0.28694186464626464,366.0,OTHER
13.jpg,ACCOUN | 613908546249/20/,0.27610894121278884,380.0,ITEM
13.jpg,192086,0.45882394545876465,395.0,OTHER
13.jpg,End Bial,0.484918758150374,429.0,ITEM
13.jpg,50 . OQ,0.21651421513225338,443.0,ITEM
13.jpg,Kt Ices,0.7155530593546995,587.0,ITEM
13.jpg,Every [lay .,0.30158984455844307,586.5,ITEM
13.jpg,(i,0.6471691299892133,601.0,OTHER
13.jpg,19 22:40,0.25437133158956937,601.0,ITEM
13.jpg,"Yuu """,0.2099223426064319,616.0,ITEM
13.jpg,Fne,0.23555556856442533,616.0,OTHER
13.jpg,Walma |,0.23255344662004618,616.0,ITEM
